{
  "upload": 80.77186507936509,
  "download": 176.6904761904762,
  "timestamp": "2025-06-25T19:34:03.673471"
}